date,Mon,Tue,Wed,Thr,Fri,Sat,Sun,SNOW,Precipitation,Holiday,yellow taxi,FHV,Total (FHV + yellow taxi)
1/1/2015,0,0,0,1,0,0,0,0,0,1,11710,893,12603
1/2/2015,0,0,0,0,1,0,0,0,0,0,10736,775,11511
1/3/2015,0,0,0,0,0,1,0,0,0.71,0,11971,1175,13146
1/4/2015,0,0,0,0,0,0,1,0,0.3,0,8905,638,9543
1/5/2015,1,0,0,0,0,0,0,0,0,0,11335,827,12162
1/6/2015,0,1,0,0,0,0,0,1,0.05,0,13076,1181,14257
1/7/2015,0,0,1,0,0,0,0,0,0,0,14247,1231,15478
1/8/2015,0,0,0,1,0,0,0,0,0,0,15811,1658,17469
1/9/2015,0,0,0,0,1,0,0,1.5,0.07,0,15514,1698,17212
1/10/2015,0,0,0,0,0,1,0,0,0,0,15240,1415,16655
1/11/2015,0,0,0,0,0,0,1,0,0,0,11542,968,12510
1/12/2015,1,0,0,0,0,0,0,0,0.36,0,13731,1309,15040
1/13/2015,0,1,0,0,0,0,0,0,0,0,15424,1448,16872
1/14/2015,0,0,1,0,0,0,0,0,0,0,15540,1497,17037
1/15/2015,0,0,0,1,0,0,0,0,0,0,15883,1619,17502
1/16/2015,0,0,0,0,1,0,0,0,0,0,16002,1640,17642
1/17/2015,0,0,0,0,0,1,0,0,0,0,13924,1426,15350
1/18/2015,0,0,0,0,0,0,1,0,2.1,0,12250,1348,13598
1/19/2015,1,0,0,0,0,0,0,0,0,1,10305,810,11115
1/20/2015,0,1,0,0,0,0,0,0,0,0,14023,1154,15177
1/21/2015,0,0,1,0,0,0,0,0,0,0,15197,1386,16583
1/22/2015,0,0,0,1,0,0,0,0,0,0,16052,1592,17644
1/23/2015,0,0,0,0,1,0,0,0,0,0,16392,1670,18062
1/24/2015,0,0,0,0,0,1,0,3.6,0.72,0,13940,1596,15536
1/25/2015,0,0,0,0,0,0,1,0,0,0,11143,918,12061
1/26/2015,1,0,0,0,0,0,0,5.5,0.48,0,7923,941,8864
1/27/2015,0,1,0,0,0,0,0,4.3,0.36,0,3766,481,4247
1/28/2015,0,0,1,0,0,0,0,0,0,0,12955,1266,14221
1/29/2015,0,0,0,1,0,0,0,0,0.02,0,15448,1599,17047
1/30/2015,0,0,0,0,1,0,0,1,0.06,0,16286,1876,18162
1/31/2015,0,0,0,0,0,1,0,0,0,0,15065,1626,16691
2/1/2015,0,0,0,0,0,0,1,0.3,0.03,0,12413,1422,13835
2/2/2015,1,0,0,0,0,0,0,5,1.02,0,11508,1475,12983
2/3/2015,0,1,0,0,0,0,0,0,0,0,14315,1603,15918
2/4/2015,0,0,1,0,0,0,0,0,0,0,14657,1571,16228
2/5/2015,0,0,0,1,0,0,0,0,0,0,16187,1824,18011
2/6/2015,0,0,0,0,1,0,0,0,0,0,15755,1963,17718
2/7/2015,0,0,0,0,0,1,0,0,0.02,0,14955,1568,16523
2/8/2015,0,0,0,0,0,0,1,0,0,0,11669,1017,12686
2/9/2015,1,0,0,0,0,0,0,0,0.09,0,13230,1367,14597
2/10/2015,0,1,0,0,0,0,0,0.1,0.01,0,14891,1399,16290
2/11/2015,0,0,1,0,0,0,0,0,0,0,15638,1599,17237
2/12/2015,0,0,0,1,0,0,0,0,0,0,16397,1884,18281
2/13/2015,0,0,0,0,1,0,0,0,0,0,15737,2156,17893
2/14/2015,0,0,0,0,0,1,0,0.9,0.02,0,14133,1943,16076
2/15/2015,0,0,0,0,0,0,1,0,0,0,12023,1375,13398
2/16/2015,1,0,0,0,0,0,0,0,0,0,12089,1262,13351
2/17/2015,0,1,0,0,0,0,0,3.3,0.14,0,13495,1628,15123
2/18/2015,0,0,1,0,0,0,0,0,0,0,14844,1542,16386
2/19/2015,0,0,0,1,0,0,0,0,0,0,16350,1953,18303
2/20/2015,0,0,0,0,1,0,0,0,0,0,16910,2292,19202
2/21/2015,0,0,0,0,0,1,0,3,0.61,0,13037,1967,15004
2/22/2015,0,0,0,0,0,0,1,1,0.1,0,10715,1047,11762
2/23/2015,1,0,0,0,0,0,0,0,0,0,14143,1371,15514
2/24/2015,0,1,0,0,0,0,0,0,0,0,15554,1777,17331
2/25/2015,0,0,1,0,0,0,0,0,0,0,15404,1698,17102
2/26/2015,0,0,0,1,0,0,0,0,0,0,16852,1856,18708
2/27/2015,0,0,0,0,1,0,0,0,0,0,15962,1941,17903
2/28/2015,0,0,0,0,0,1,0,0,0,0,14604,1522,16126
3/1/2015,0,0,0,0,0,0,1,4.8,0.52,0,10499,1168,11667
3/2/2015,1,0,0,0,0,0,0,0,0,0,13190,1151,14341
3/3/2015,0,1,0,0,0,0,0,1.8,0.67,0,13295,1696,14991
3/4/2015,0,0,1,0,0,0,0,0,0.25,0,14942,1509,16451
3/5/2015,0,0,0,1,0,0,0,7.5,0.76,0,12727,1778,14505
3/6/2015,0,0,0,0,1,0,0,0,0,0,14350,1861,16211
3/7/2015,0,0,0,0,0,1,0,0,0,0,14451,1432,15883
3/8/2015,0,0,0,0,0,0,1,0,0,0,10877,932,11809
3/9/2015,1,0,0,0,0,0,0,0,0.01,0,13313,1040,14353
3/10/2015,0,1,0,0,0,0,0,0,0.46,0,13742,1635,15377
3/11/2015,0,0,1,0,0,0,0,0,0.01,0,14879,1578,16457
3/12/2015,0,0,0,1,0,0,0,0,0,0,15939,1790,17729
3/13/2015,0,0,0,0,1,0,0,0,0,0,16302,1820,18122
3/14/2015,0,0,0,0,0,1,0,0,0.81,0,16092,2032,18124
3/15/2015,0,0,0,0,0,0,1,0,0,0,12316,1035,13351
3/16/2015,1,0,0,0,0,0,0,0,0,0,13013,1157,14170
3/17/2015,0,1,0,0,0,0,0,0,0.02,0,15199,1480,16679
3/18/2015,0,0,1,0,0,0,0,0,0,0,16162,1634,17796
3/19/2015,0,0,0,1,0,0,0,0,0,0,16725,1776,18501
3/20/2015,0,0,0,0,1,0,0,4.5,0.4,0,16294,2240,18534
3/21/2015,0,0,0,0,0,1,0,0,0,0,14095,1540,15635
3/22/2015,0,0,0,0,0,0,1,0,0,0,11486,1087,12573
3/23/2015,1,0,0,0,0,0,0,0,0,0,13605,1249,14854
3/24/2015,0,1,0,0,0,0,0,0,0,0,14547,1381,15928
3/25/2015,0,0,1,0,0,0,0,0,0.05,0,15325,1775,17100
3/26/2015,0,0,0,1,0,0,0,0,0.32,0,15518,1846,17364
3/27/2015,0,0,0,0,1,0,0,0,0.27,0,16500,1958,18458
3/28/2015,0,0,0,0,0,1,0,0,0,0,15067,1759,16826
3/29/2015,0,0,0,0,0,0,1,0,0,0,11691,1148,12839
3/30/2015,1,0,0,0,0,0,0,0,0,0,13264,1224,14488
3/31/2015,0,1,0,0,0,0,0,0,0.17,0,14822,1780,16602
4/1/2015,0,0,1,0,0,0,0,0,0,0,15552,1784,17336
4/2/2015,0,0,0,1,0,0,0,0,0,0,15590,1880,17470
4/3/2015,0,0,0,0,1,0,0,0,0.04,0,13946,1779,15725
4/4/2015,0,0,0,0,0,1,0,0,0.01,0,11377,1059,12436
4/5/2015,0,0,0,0,0,0,1,0,0,0,9553,820,10373
4/6/2015,1,0,0,0,0,0,0,0,0,0,12657,1207,13864
4/7/2015,0,1,0,0,0,0,0,0,0.15,0,14698,1715,16413
4/8/2015,0,0,1,0,0,0,0,0,0,0,15222,1758,16980
4/9/2015,0,0,0,1,0,0,0,0,0,0,16053,1967,18020
4/10/2015,0,0,0,0,1,0,0,0,0.17,0,16151,2046,18197
4/11/2015,0,0,0,0,0,1,0,0,0,0,14372,1527,15899
4/12/2015,0,0,0,0,0,0,1,0,0,0,11365,1044,12409
4/13/2015,1,0,0,0,0,0,0,0,0,0,12736,1306,14042
4/14/2015,0,1,0,0,0,0,0,0,0.01,0,14691,1674,16365
4/15/2015,0,0,1,0,0,0,0,0,0,0,14730,1696,16426
4/16/2015,0,0,0,1,0,0,0,0,0,0,15606,2013,17619
4/17/2015,0,0,0,0,1,0,0,0,0.08,0,15810,2030,17840
4/18/2015,0,0,0,0,0,1,0,0,0,0,15825,1762,17587
4/19/2015,0,0,0,0,0,0,1,0,0,0,12802,1205,14007
4/20/2015,1,0,0,0,0,0,0,0,1.37,0,13481,2054,15535
4/21/2015,0,1,0,0,0,0,0,0,0.2,0,14327,1639,15966
4/22/2015,0,0,1,0,0,0,0,0,0.05,0,14535,2132,16667
4/23/2015,0,0,0,1,0,0,0,0,0,0,15507,2181,17688
4/24/2015,0,0,0,0,1,0,0,0,0,0,15087,2473,17560
4/25/2015,0,0,0,0,0,1,0,0,0,0,14459,2095,16554
4/26/2015,0,0,0,0,0,0,1,0,0,0,11481,1453,12934
4/27/2015,1,0,0,0,0,0,0,0,0,0,13019,1495,14514
4/28/2015,0,1,0,0,0,0,0,0,0,0,14014,1719,15733
4/29/2015,0,0,1,0,0,0,0,0,0,0,14877,1855,16732
4/30/2015,0,0,0,1,0,0,0,0,0,0,15183,2049,17232
5/1/2015,0,0,0,0,1,0,0,0,0,0,15244,2274,17518
5/2/2015,0,0,0,0,0,1,0,0,0,0,15487,1945,17432
5/3/2015,0,0,0,0,0,0,1,0,0,0,12673,1255,13928
5/4/2015,1,0,0,0,0,0,0,0,0,0,12688,1410,14098
5/5/2015,0,1,0,0,0,0,0,0,0,0,15288,2016,17304
5/6/2015,0,0,1,0,0,0,0,0,0,0,15312,1939,17251
5/7/2015,0,0,0,1,0,0,0,0,0,0,15284,2215,17499
5/8/2015,0,0,0,0,1,0,0,0,0,0,15139,2258,17397
5/9/2015,0,0,0,0,0,1,0,0,0,0,13319,1652,14971
5/10/2015,0,0,0,0,0,0,1,0,0,0,10569,1171,11740
5/11/2015,1,0,0,0,0,0,0,0,0,0,12934,1648,14582
5/12/2015,0,1,0,0,0,0,0,0,0,0,14017,1802,15819
5/13/2015,0,0,1,0,0,0,0,0,0,0,14897,2079,16976
5/14/2015,0,0,0,1,0,0,0,0,0,0,14454,2213,16667
5/15/2015,0,0,0,0,1,0,0,0,0,0,14418,2287,16705
5/16/2015,0,0,0,0,0,1,0,0,0.3,0,14291,2254,16545
5/17/2015,0,0,0,0,0,0,1,0,0.02,0,11527,1391,12918
5/18/2015,1,0,0,0,0,0,0,0,0,0,13049,1719,14768
5/19/2015,0,1,0,0,0,0,0,0,0,0,14075,2035,16110
5/20/2015,0,0,1,0,0,0,0,0,0,0,14337,2239,16576
5/21/2015,0,0,0,1,0,0,0,0,0,0,14796,2353,17149
5/22/2015,0,0,0,0,1,0,0,0,0,0,13368,1909,15277
5/23/2015,0,0,0,0,0,1,0,0,0,0,10280,1242,11522
5/24/2015,0,0,0,0,0,0,1,0,0,0,8714,1004,9718
5/25/2015,1,0,0,0,0,0,0,0,0,1,8371,867,9238
5/26/2015,0,1,0,0,0,0,0,0,0,0,12797,1627,14424
5/27/2015,0,0,1,0,0,0,0,0,0.08,0,13481,2210,15691
5/28/2015,0,0,0,1,0,0,0,0,0,0,14616,2471,17087
5/29/2015,0,0,0,0,1,0,0,0,0,0,14700,2368,17068
5/30/2015,0,0,0,0,0,1,0,0,0,0,11965,1786,13751
5/31/2015,0,0,0,0,0,0,1,0,1.46,0,8810,1462,10272
6/1/2015,1,0,0,0,0,0,0,0,0.72,0,11798,2008,13806
6/2/2015,0,1,0,0,0,0,0,0,0.37,0,13124,2267,15391
6/3/2015,0,0,1,0,0,0,0,0,0,0,13580,2070,15650
6/4/2015,0,0,0,1,0,0,0,0,0,0,14694,2223,16917
6/5/2015,0,0,0,0,1,0,0,0,0.13,0,15225,2577,17802
6/6/2015,0,0,0,0,0,1,0,0,0.19,0,13574,2044,15618
6/7/2015,0,0,0,0,0,0,1,0,0,0,11443,1672,13115
6/8/2015,1,0,0,0,0,0,0,0,0.06,0,12779,1800,14579
6/9/2015,0,1,0,0,0,0,0,0,0.01,0,13297,1963,15260
6/10/2015,0,0,1,0,0,0,0,0,0,0,14060,2156,16216
6/11/2015,0,0,0,1,0,0,0,0,0,0,14709,2598,17307
6/12/2015,0,0,0,0,1,0,0,0,0,0,14438,2527,16965
6/13/2015,0,0,0,0,0,1,0,0,0,0,12345,1988,14333
6/14/2015,0,0,0,0,0,0,1,0,0.36,0,10720,1462,12182
6/15/2015,1,0,0,0,0,0,0,0,0.57,0,12629,2130,14759
6/16/2015,0,1,0,0,0,0,0,0,0.27,0,13599,2306,15905
6/17/2015,0,0,1,0,0,0,0,0,0,0,14372,2360,16732
6/18/2015,0,0,0,1,0,0,0,0,0,0,14755,2496,17251
6/19/2015,0,0,0,0,1,0,0,0,0,0,14906,2474,17380
6/20/2015,0,0,0,0,0,1,0,0,0,0,11691,1970,13661
6/21/2015,0,0,0,0,0,0,1,0,0.64,0,10155,1386,11541
6/22/2015,1,0,0,0,0,0,0,0,0,0,12321,1747,14068
6/23/2015,0,1,0,0,0,0,0,0,0.02,0,13867,2536,16403
6/24/2015,0,0,1,0,0,0,0,0,0,0,14188,2422,16610
6/25/2015,0,0,0,1,0,0,0,0,0,0,14699,2646,17345
6/26/2015,0,0,0,0,1,0,0,0,0,0,14744,2547,17291
6/27/2015,0,0,0,0,0,1,0,0,1.12,0,13731,2721,16452
6/28/2015,0,0,0,0,0,0,1,0,0.29,0,9995,1597,11592
6/29/2015,1,0,0,0,0,0,0,0,0,0,12079,1809,13888
6/30/2015,0,1,0,0,0,0,0,0,0.04,0,13396,2111,15507
7/1/2015,0,0,1,0,0,0,0,0,0.39,0,13811,2453,16264
7/2/2015,0,0,0,1,0,0,0,0,0,0,12552,2265,14817
7/3/2015,0,0,0,0,1,0,0,0,0,1,8479,1253,9732
7/4/2015,0,0,0,0,0,1,0,0,0,0,7878,1105,8983
7/5/2015,0,0,0,0,0,0,1,0,0,0,8660,1115,9775
7/6/2015,1,0,0,0,0,0,0,0,0,0,10921,1718,12639
7/7/2015,0,1,0,0,0,0,0,0,0.12,0,13080,2123,15203
7/8/2015,0,0,1,0,0,0,0,0,0,0,14138,2429,16567
7/9/2015,0,0,0,1,0,0,0,0,0.3,0,14967,3206,18173
7/10/2015,0,0,0,0,1,0,0,0,0,0,14319,2858,17177
7/11/2015,0,0,0,0,0,1,0,0,0,0,12232,2401,14633
7/12/2015,0,0,0,0,0,0,1,0,0,0,10545,1888,12433
7/13/2015,1,0,0,0,0,0,0,0,0,0,11917,2297,14214
7/14/2015,0,1,0,0,0,0,0,0,0.42,0,13406,2969,16375
7/15/2015,0,0,1,0,0,0,0,0,0.12,0,14295,3343,17638
7/16/2015,0,0,0,1,0,0,0,0,0,0,14306,3432,17738
7/17/2015,0,0,0,0,1,0,0,0,0,0,12995,3452,16447
7/18/2015,0,0,0,0,0,1,0,0,0.32,0,12674,2768,15442
7/19/2015,0,0,0,0,0,0,1,0,0,0,11557,2288,13845
7/20/2015,1,0,0,0,0,0,0,0,0,0,13004,2812,15816
7/21/2015,0,1,0,0,0,0,0,0,0,0,13112,3162,16274
7/22/2015,0,0,1,0,0,0,0,0,0,0,13607,3290,16897
7/23/2015,0,0,0,1,0,0,0,0,0,0,14603,3520,18123
7/24/2015,0,0,0,0,1,0,0,0,0,0,14211,2820,17031
7/25/2015,0,0,0,0,0,1,0,0,0,0,11679,2202,13881
7/26/2015,0,0,0,0,0,0,1,0,0,0,10181,1762,11943
7/27/2015,1,0,0,0,0,0,0,0,0.36,0,12167,2256,14423
7/28/2015,0,1,0,0,0,0,0,0,0,0,13585,2841,16426
7/29/2015,0,0,1,0,0,0,0,0,0,0,14391,3191,17582
7/30/2015,0,0,0,1,0,0,0,0,1.95,0,14454,3583,18037
7/31/2015,0,0,0,0,1,0,0,0,0,0,13813,3226,17039
8/1/2015,0,0,0,0,0,1,0,0,0,0,11599,2387,13986
8/2/2015,0,0,0,0,0,0,1,0,0,0,10223,2065,12288
8/3/2015,1,0,0,0,0,0,0,0,0,0,12118,2324,14442
8/4/2015,0,1,0,0,0,0,0,0,0.43,0,13685,2834,16519
8/5/2015,0,0,1,0,0,0,0,0,0,0,14104,3011,17115
8/6/2015,0,0,0,1,0,0,0,0,0,0,14277,3246,17523
8/7/2015,0,0,0,0,1,0,0,0,0,0,14025,3312,17337
8/8/2015,0,0,0,0,0,1,0,0,0,0,10684,2115,12799
8/9/2015,0,0,0,0,0,0,1,0,0,0,9510,1876,11386
8/10/2015,1,0,0,0,0,0,0,0,0,0,11456,2258,13714
8/11/2015,0,1,0,0,0,0,0,0,1.17,0,13190,3234,16424
8/12/2015,0,0,1,0,0,0,0,0,0,0,13247,2768,16015
8/13/2015,0,0,0,1,0,0,0,0,0,0,14034,3025,17059
8/14/2015,0,0,0,0,1,0,0,0,0,0,13291,3114,16405
8/15/2015,0,0,0,0,0,1,0,0,0,0,10479,2268,12747
8/16/2015,0,0,0,0,0,0,1,0,0,0,10072,1992,12064
8/17/2015,1,0,0,0,0,0,0,0,0,0,11473,2521,13994
8/18/2015,0,1,0,0,0,0,0,0,0.29,0,13168,2994,16162
8/19/2015,0,0,1,0,0,0,0,0,0,0,13885,3065,16950
8/20/2015,0,0,0,1,0,0,0,0,0.01,0,14657,3367,18024
8/21/2015,0,0,0,0,1,0,0,0,0.32,0,13307,3147,16454
8/22/2015,0,0,0,0,0,1,0,0,0,0,10966,2382,13348
8/23/2015,0,0,0,0,0,0,1,0,0,0,9514,2015,11529
8/24/2015,1,0,0,0,0,0,0,0,0,0,11131,2439,13570
8/25/2015,0,1,0,0,0,0,0,0,0,0,12623,2684,15307
8/26/2015,0,0,1,0,0,0,0,0,0,0,12751,2793,15544
8/27/2015,0,0,0,1,0,0,0,0,0,0,13244,3077,16321
8/28/2015,0,0,0,0,1,0,0,0,0,0,12915,3055,15970
8/29/2015,0,0,0,0,0,1,0,0,0,0,11205,2540,13745
8/30/2015,0,0,0,0,0,0,1,0,0.13,0,10190,2068,12258
8/31/2015,1,0,0,0,0,0,0,0,0,0,11489,2478,13967
9/1/2015,0,1,0,0,0,0,0,0,0,0,12815,2728,15543
9/2/2015,0,0,1,0,0,0,0,0,0,0,13522,2980,16502
9/3/2015,0,0,0,1,0,0,0,0,0,0,13947,3266,17213
9/4/2015,0,0,0,0,1,0,0,0,0,0,12552,3060,15612
9/5/2015,0,0,0,0,0,1,0,0,0,0,9497,2189,11686
9/6/2015,0,0,0,0,0,0,1,0,0,0,8413,1953,10366
9/7/2015,1,0,0,0,0,0,0,0,0,1,8301,1679,9980
9/8/2015,0,1,0,0,0,0,0,0,0,0,13090,2859,15949
9/9/2015,0,0,1,0,0,0,0,0,0,0,14023,3587,17610
9/10/2015,0,0,0,1,0,0,0,0,1.58,0,13742,5018,18760
9/11/2015,0,0,0,0,1,0,0,0,0,0,13588,3842,17430
9/12/2015,0,0,0,0,0,1,0,0,0.29,0,13180,3601,16781
9/13/2015,0,0,0,0,0,0,1,0,0.04,0,10821,2432,13253
9/14/2015,1,0,0,0,0,0,0,0,0,0,11113,2420,13533
9/15/2015,0,1,0,0,0,0,0,0,0,0,12826,2851,15677
9/16/2015,0,0,1,0,0,0,0,0,0,0,13288,3461,16749
9/17/2015,0,0,0,1,0,0,0,0,0,0,14345,3729,18074
9/18/2015,0,0,0,0,1,0,0,0,0,0,14419,3921,18340
9/19/2015,0,0,0,0,0,1,0,0,0,0,13565,3223,16788
9/20/2015,0,0,0,0,0,0,1,0,0,0,11326,2475,13801
9/21/2015,1,0,0,0,0,0,0,0,0,0,11771,2580,14351
9/22/2015,0,1,0,0,0,0,0,0,0,0,12502,2687,15189
9/23/2015,0,0,1,0,0,0,0,0,0,0,11781,2334,14115
9/24/2015,0,0,0,1,0,0,0,0,0,0,10692,2595,13287
9/25/2015,0,0,0,0,1,0,0,0,0,0,12175,2825,15000
9/26/2015,0,0,0,0,0,1,0,0,0,0,12619,3094,15713
9/27/2015,0,0,0,0,0,0,1,0,0,0,10519,2309,12828
9/28/2015,1,0,0,0,0,0,0,0,0,0,9041,2168,11209
9/29/2015,0,1,0,0,0,0,0,0,0.11,0,10887,2806,13693
9/30/2015,0,0,1,0,0,0,0,0,1.26,0,11926,3216,15142
10/1/2015,0,0,0,1,0,0,0,0,0.09,0,12435,3859,16294
10/2/2015,0,0,0,0,1,0,0,0,1.08,0,12760,4843,17603
10/3/2015,0,0,0,0,0,1,0,0,0.35,0,12410,3683,16093
10/4/2015,0,0,0,0,0,0,1,0,0,0,9953,2384,12337
10/5/2015,1,0,0,0,0,0,0,0,0,0,11418,2348,13766
10/6/2015,0,1,0,0,0,0,0,0,0,0,12581,2797,15378
10/7/2015,0,0,1,0,0,0,0,0,0,0,13047,3109,16156
10/8/2015,0,0,0,1,0,0,0,0,0,0,13742,3622,17364
10/9/2015,0,0,0,0,1,0,0,0,0.89,0,13292,3911,17203
10/10/2015,0,0,0,0,0,1,0,0,0,0,13207,3497,16704
10/11/2015,0,0,0,0,0,0,1,0,0,0,10847,2584,13431
10/12/2015,1,0,0,0,0,0,0,0,0,0,10612,2037,12649
10/13/2015,0,1,0,0,0,0,0,0,0.01,0,13277,2859,16136
10/14/2015,0,0,1,0,0,0,0,0,0,0,13049,3192,16241
10/15/2015,0,0,0,1,0,0,0,0,0,0,13942,3677,17619
10/16/2015,0,0,0,0,1,0,0,0,0,0,14219,3931,18150
10/17/2015,0,0,0,0,0,1,0,0,0,0,13374,3311,16685
10/18/2015,0,0,0,0,0,0,1,0,0,0,11294,2598,13892
10/19/2015,1,0,0,0,0,0,0,0,0,0,12015,2771,14786
10/20/2015,0,1,0,0,0,0,0,0,0,0,12702,2967,15669
10/21/2015,0,0,1,0,0,0,0,0,0,0,12975,3094,16069
10/22/2015,0,0,0,1,0,0,0,0,0,0,13932,3538,17470
10/23/2015,0,0,0,0,1,0,0,0,0,0,13910,3873,17783
10/24/2015,0,0,0,0,0,1,0,0,0,0,12762,3697,16459
10/25/2015,0,0,0,0,0,0,1,0,0.05,0,10849,2583,13432
10/26/2015,1,0,0,0,0,0,0,0,0,0,11831,2580,14411
10/27/2015,0,1,0,0,0,0,0,0,0,0,12961,3037,15998
10/28/2015,0,0,1,0,0,0,0,0,1.4,0,13119,4327,17446
10/29/2015,0,0,0,1,0,0,0,0,0.04,0,13553,3770,17323
10/30/2015,0,0,0,0,1,0,0,0,0,0,13523,4025,17548
10/31/2015,0,0,0,0,0,1,0,0,0,0,13643,4017,17660
11/1/2015,0,0,0,0,0,0,1,0,0,0,12743,2984,15727
11/2/2015,1,0,0,0,0,0,0,0,0,0,11357,2672,14029
11/3/2015,0,1,0,0,0,0,0,0,0,0,12182,2862,15044
11/4/2015,0,0,1,0,0,0,0,0,0,0,12773,3197,15970
11/5/2015,0,0,0,1,0,0,0,0,0.01,0,13283,3741,17024
11/6/2015,0,0,0,0,1,0,0,0,0,0,13903,3882,17785
11/7/2015,0,0,0,0,0,1,0,0,0,0,12985,3376,16361
11/8/2015,0,0,0,0,0,0,1,0,0,0,10794,2562,13356
11/9/2015,1,0,0,0,0,0,0,0,0,0,11655,2808,14463
11/10/2015,0,1,0,0,0,0,0,0,0.26,0,13012,3887,16899
11/11/2015,0,0,1,0,0,0,0,0,0.43,0,11952,3224,15176
11/12/2015,0,0,0,1,0,0,0,0,0.01,0,13885,3959,17844
11/13/2015,0,0,0,0,1,0,0,0,0,0,14018,4249,18267
11/14/2015,0,0,0,0,0,1,0,0,0,0,13259,3962,17221
11/15/2015,0,0,0,0,0,0,1,0,0,0,10240,2707,12947
11/16/2015,1,0,0,0,0,0,0,0,0,0,11484,2704,14188
11/17/2015,0,1,0,0,0,0,0,0,0,0,12925,3277,16202
11/18/2015,0,0,1,0,0,0,0,0,0,0,13179,3573,16752
11/19/2015,0,0,0,1,0,0,0,0,1.25,0,12925,4917,17842
11/20/2015,0,0,0,0,1,0,0,0,0,0,13586,4207,17793
11/21/2015,0,0,0,0,0,1,0,0,0,0,12841,3854,16695
11/22/2015,0,0,0,0,0,0,1,0,0.03,0,10002,2675,12677
11/23/2015,1,0,0,0,0,0,0,0,0,0,11964,3220,15184
11/24/2015,0,1,0,0,0,0,0,0,0,0,12325,3613,15938
11/25/2015,0,0,1,0,0,0,0,0,0,0,11121,3197,14318
11/26/2015,0,0,0,1,0,0,0,0,0,1,6880,1589,8469
11/27/2015,0,0,0,0,1,0,0,0,0,0,7684,1564,9248
11/28/2015,0,0,0,0,0,1,0,0,0.02,0,9433,2287,11720
11/29/2015,0,0,0,0,0,0,1,0,0,0,8738,2033,10771
11/30/2015,1,0,0,0,0,0,0,0,0,0,11213,2811,14024
12/1/2015,0,1,0,0,0,0,0,0,0.33,0,12543,3772,16315
12/2/2015,0,0,1,0,0,0,0,0,0.14,0,12917,3792,16709
12/3/2015,0,0,0,1,0,0,0,0,0,0,14261,3999,18260
12/4/2015,0,0,0,0,1,0,0,0,0,0,14509,4286,18795
12/5/2015,0,0,0,0,0,1,0,0,0,0,13783,3922,17705
12/6/2015,0,0,0,0,0,0,1,0,0,0,11292,2817,14109
12/7/2015,1,0,0,0,0,0,0,0,0,0,12127,3228,15355
12/8/2015,0,1,0,0,0,0,0,0,0,0,12768,3509,16277
12/9/2015,0,0,1,0,0,0,0,0,0,0,13063,3838,16901
12/10/2015,0,0,0,1,0,0,0,0,0,0,13545,4075,17620
12/11/2015,0,0,0,0,1,0,0,0,0,0,13825,4418,18243
12/12/2015,0,0,0,0,0,1,0,0,0,0,14510,4433,18943
12/13/2015,0,0,0,0,0,0,1,0,0,0,10630,2799,13429
12/14/2015,1,0,0,0,0,0,0,0,0.33,0,12128,3319,15447
12/15/2015,0,1,0,0,0,0,0,0,0.09,0,13166,3522,16688
12/16/2015,0,0,1,0,0,0,0,0,0.04,0,13967,4064,18031
12/17/2015,0,0,0,1,0,0,0,0,1.21,0,14178,5138,19316
12/18/2015,0,0,0,0,1,0,0,0,0,0,14654,4915,19569
12/19/2015,0,0,0,0,0,1,0,0,0,0,13770,4204,17974
12/20/2015,0,0,0,0,0,0,1,0,0,0,11044,2915,13959
12/21/2015,1,0,0,0,0,0,0,0,0,0,11672,2922,14594
12/22/2015,0,1,0,0,0,0,0,0,0.19,0,12117,3369,15486
12/23/2015,0,0,1,0,0,0,0,0,1.55,0,10606,3533,14139
12/24/2015,0,0,0,1,0,0,0,0,0.01,0,8485,1829,10314
12/25/2015,0,0,0,0,1,0,0,0,0.01,1,4646,1089,5735
12/26/2015,0,0,0,0,0,1,0,0,0,0,6338,1307,7645
12/27/2015,0,0,0,0,0,0,1,0,0.12,0,7261,1697,8958
12/28/2015,1,0,0,0,0,0,0,0,0.03,0,9109,2215,11324
12/29/2015,0,1,0,0,0,0,0,0,0.45,0,9956,2452,12408
12/30/2015,0,0,1,0,0,0,0,0,0.19,0,10068,2636,12704
12/31/2015,0,0,0,1,0,0,0,0,0.03,0,11056,2783,13839
1/1/2016,0,0,0,0,1,0,0,0,0,1,10699,2559,13258
1/2/2016,0,0,0,0,0,1,0,0,0,0,8748,2217,10965
1/3/2016,0,0,0,0,0,0,1,0,0,0,7905,1899,9804
1/4/2016,1,0,0,0,0,0,0,0,0,0,9637,2562,12199
1/5/2016,0,1,0,0,0,0,0,0,0,0,11244,3116,14360
1/6/2016,0,0,1,0,0,0,0,0,0,0,11541,3064,14605
1/7/2016,0,0,0,1,0,0,0,0,0,0,12563,3229,15792
1/8/2016,0,0,0,0,1,0,0,0,0,0,13602,3749,17351
1/9/2016,0,0,0,0,0,1,0,0,0,0,11869,3209,15078
1/10/2016,0,0,0,0,0,0,1,0,1.8,0,9333,2545,11878
1/11/2016,1,0,0,0,0,0,0,0,0,0,11491,2942,14433
1/12/2016,0,1,0,0,0,0,0,0,0,0,12844,3212,16056
1/13/2016,0,0,1,0,0,0,0,0,0,0,13575,3688,17263
1/14/2016,0,0,0,1,0,0,0,0,0,0,13972,3885,17857
1/15/2016,0,0,0,0,1,0,0,0,0,0,13601,3991,17592
1/16/2016,0,0,0,0,0,1,0,0,0.24,0,11906,3232,15138
1/17/2016,0,0,0,0,0,0,1,0.4,0.05,0,10409,2935,13344
1/18/2016,1,0,0,0,0,0,0,0,0,1,10107,2664,12771
1/19/2016,0,1,0,0,0,0,0,0,0,0,12809,3874,16683
1/20/2016,0,0,1,0,0,0,0,0,0,0,13205,3772,16977
1/21/2016,0,0,0,1,0,0,0,0,0,0,13733,4204,17937
1/22/2016,0,0,0,0,1,0,0,0.2,0.01,0,14269,4393,18662
1/23/2016,0,0,0,0,0,1,0,27.3,2.31,0,2291,1012,3303
1/24/2016,0,0,0,0,0,0,1,0,0,0,4321,1788,6109
1/25/2016,1,0,0,0,0,0,0,0,0,0,8949,2842,11791
1/26/2016,0,1,0,0,0,0,0,0,0,0,10750,3283,14033
1/27/2016,0,0,1,0,0,0,0,0,0,0,12212,3439,15651
1/28/2016,0,0,0,1,0,0,0,0,0,0,13046,3950,16996
1/29/2016,0,0,0,0,1,0,0,0,0,0,13912,4496,18408
1/30/2016,0,0,0,0,0,1,0,0,0,0,12409,3782,16191
1/31/2016,0,0,0,0,0,0,1,0,0,0,9827,2686,12513
2/1/2016,1,0,0,0,0,0,0,0,0.01,0,11751,3152,14903
2/2/2016,0,1,0,0,0,0,0,0,0,0,12747,3409,16156
2/3/2016,0,0,1,0,0,0,0,0,0.73,0,13349,4335,17684
2/4/2016,0,0,0,1,0,0,0,0,0,0,14460,4131,18591
2/5/2016,0,0,0,0,1,0,0,2.5,0.53,0,13926,4621,18547
2/6/2016,0,0,0,0,0,1,0,0,0,0,11908,3596,15504
2/7/2016,0,0,0,0,0,0,1,0,0,0,10350,3001,13351
2/8/2016,1,0,0,0,0,0,0,0.1,0.05,0,11643,3299,14942
2/9/2016,0,1,0,0,0,0,0,0,0,0,12805,3637,16442
2/10/2016,0,0,1,0,0,0,0,0,0.01,0,13783,4038,17821
2/11/2016,0,0,0,1,0,0,0,0,0,0,14772,4656,19428
2/12/2016,0,0,0,0,1,0,0,0,0,0,14284,4833,19117
2/13/2016,0,0,0,0,0,1,0,0,0,0,12064,4507,16571
2/14/2016,0,0,0,0,0,0,1,0,0,0,10948,4143,15091
2/15/2016,1,0,0,0,0,0,0,1.4,0.44,0,10325,3001,13326
2/16/2016,0,1,0,0,0,0,0,0,1.01,0,12541,3763,16304
2/17/2016,0,0,1,0,0,0,0,0,0,0,13604,3713,17317
2/18/2016,0,0,0,1,0,0,0,0,0,0,14338,4215,18553
2/19/2016,0,0,0,0,1,0,0,0,0,0,14385,4707,19092
2/20/2016,0,0,0,0,0,1,0,0,0,0,12020,3722,15742
2/21/2016,0,0,0,0,0,0,1,0,0.03,0,9628,2680,12308
2/22/2016,1,0,0,0,0,0,0,0,0,0,11810,3083,14893
2/23/2016,0,1,0,0,0,0,0,0,0.3,0,13651,4377,18028
2/24/2016,0,0,1,0,0,0,0,0,1.22,0,14517,4986,19503
2/25/2016,0,0,0,1,0,0,0,0,0.02,0,14298,4261,18559
2/26/2016,0,0,0,0,1,0,0,0,0,0,14714,4609,19323
2/27/2016,0,0,0,0,0,1,0,0,0,0,12673,3847,16520
2/28/2016,0,0,0,0,0,0,1,0,0,0,9464,2670,12134
2/29/2016,1,0,0,0,0,0,0,0,0.05,0,11602,3078,14680
3/1/2016,0,1,0,0,0,0,0,0,0,0,12601,3294,15895
3/2/2016,0,0,1,0,0,0,0,0,0.14,0,13665,3774,17439
3/3/2016,0,0,0,1,0,0,0,0,0,0,14338,4164,18502
3/4/2016,0,0,0,0,1,0,0,0.4,0.11,0,14557,4590,19147
3/5/2016,0,0,0,0,0,1,0,0,0,0,12553,3712,16265
3/6/2016,0,0,0,0,0,0,1,0,0,0,9786,2744,12530
3/7/2016,1,0,0,0,0,0,0,0,0,0,11621,2995,14616
3/8/2016,0,1,0,0,0,0,0,0,0,0,12789,3399,16188
3/9/2016,0,0,1,0,0,0,0,0,0,0,13508,3542,17050
3/10/2016,0,0,0,1,0,0,0,0,0,0,14586,4048,18634
3/11/2016,0,0,0,0,1,0,0,0,0.06,0,14191,4041,18232
3/12/2016,0,0,0,0,0,1,0,0,0,0,12614,3600,16214
3/13/2016,0,0,0,0,0,0,1,0,0,0,9689,2442,12131
3/14/2016,1,0,0,0,0,0,0,0,0.29,0,13057,3771,16828
3/15/2016,0,1,0,0,0,0,0,0,0,0,13244,3492,16736
3/16/2016,0,0,1,0,0,0,0,0,0.02,0,13588,3710,17298
3/17/2016,0,0,0,1,0,0,0,0,0,0,14328,4425,18753
3/18/2016,0,0,0,0,1,0,0,0,0,0,14990,4313,19303
3/19/2016,0,0,0,0,0,1,0,0,0,0,12691,3665,16356
3/20/2016,0,0,0,0,0,0,1,0,0.07,0,10426,2875,13301
3/21/2016,1,0,0,0,0,0,0,0.5,0.06,0,11670,3242,14912
3/22/2016,0,1,0,0,0,0,0,0,0,0,12919,3669,16588
3/23/2016,0,0,1,0,0,0,0,0,0,0,13500,3955,17455
3/24/2016,0,0,0,1,0,0,0,0,0,0,14586,4250,18836
3/25/2016,0,0,0,0,1,0,0,0,0.04,0,13366,4206,17572
3/26/2016,0,0,0,0,0,1,0,0,0,0,11161,3251,14412
3/27/2016,0,0,0,0,0,0,1,0,0,0,9264,2480,11744
3/28/2016,1,0,0,0,0,0,0,0,0.38,0,11680,3358,15038
3/29/2016,0,1,0,0,0,0,0,0,0,0,12776,3528,16304
3/30/2016,0,0,1,0,0,0,0,0,0,0,13537,3828,17365
3/31/2016,0,0,0,1,0,0,0,0,0,0,14329,3692,18021
4/1/2016,0,0,0,0,1,0,0,0,0.02,0,14166,4698,18864
4/2/2016,0,0,0,0,0,1,0,0,0.16,0,13461,3953,17414
4/3/2016,0,0,0,0,0,0,1,0,0.09,0,10502,2929,13431
4/4/2016,1,0,0,0,0,0,0,0,0.47,0,12668,3939,16607
4/5/2016,0,1,0,0,0,0,0,0,0,0,13207,3878,17085
4/6/2016,0,0,1,0,0,0,0,0,0,0,14072,4225,18297
4/7/2016,0,0,0,1,0,0,0,0,0.09,0,14182,4390,18572
4/8/2016,0,0,0,0,1,0,0,0,0.01,0,14415,4823,19238
4/9/2016,0,0,0,0,0,1,0,0,0.11,0,12630,4519,17149
4/10/2016,0,0,0,0,0,0,1,0,0,0,10109,2850,12959
4/11/2016,1,0,0,0,0,0,0,0,0.01,0,11846,3340,15186
4/12/2016,0,1,0,0,0,0,0,0,0.2,0,13726,3936,17662
4/13/2016,0,0,1,0,0,0,0,0,0,0,13319,3832,17151
4/14/2016,0,0,0,1,0,0,0,0,0,0,13455,4150,17605
4/15/2016,0,0,0,0,1,0,0,0,0,0,14065,4524,18589
4/16/2016,0,0,0,0,0,1,0,0,0,0,12899,3664,16563
4/17/2016,0,0,0,0,0,0,1,0,0,0,10670,2781,13451
4/18/2016,1,0,0,0,0,0,0,0,0,0,11425,3010,14435
4/19/2016,0,1,0,0,0,0,0,0,0,0,12578,3376,15954
4/20/2016,0,0,1,0,0,0,0,0,0,0,12863,3726,16589
4/21/2016,0,0,0,1,0,0,0,0,0,0,12429,4042,16471
4/22/2016,0,0,0,0,1,0,0,0,0,0,12211,3833,16044
4/23/2016,0,0,0,0,0,1,0,0,0.16,0,10920,3173,14093
4/24/2016,0,0,0,0,0,0,1,0,0,0,9229,2439,11668
4/25/2016,1,0,0,0,0,0,0,0,0,0,11030,2912,13942
4/26/2016,0,1,0,0,0,0,0,0,0.24,0,12661,3624,16285
4/27/2016,0,0,1,0,0,0,0,0,0,0,12919,3731,16650
4/28/2016,0,0,0,1,0,0,0,0,0,0,13863,4307,18170
4/29/2016,0,0,0,0,1,0,0,0,0.05,0,13819,4645,18464
4/30/2016,0,0,0,0,0,1,0,0,0,0,12155,3576,15731
5/1/2016,0,0,0,0,0,0,1,0,0.16,0,10329,2942,13271
5/2/2016,1,0,0,0,0,0,0,0,0.04,0,11820,3295,15115
5/3/2016,0,1,0,0,0,0,0,0,0.61,0,13398,4347,17745
5/4/2016,0,0,1,0,0,0,0,0,0.01,0,13913,4484,18397
5/5/2016,0,0,0,1,0,0,0,0,0,0,14898,5030,19928
5/6/2016,0,0,0,0,1,0,0,0,0.54,0,14155,6021,20176
5/7/2016,0,0,0,0,0,1,0,0,0,0,12375,3750,16125
5/8/2016,0,0,0,0,0,0,1,0,0.16,0,9854,2713,12567
5/9/2016,1,0,0,0,0,0,0,0,0,0,11455,3050,14505
5/10/2016,0,1,0,0,0,0,0,0,0,0,12800,3795,16595
5/11/2016,0,0,1,0,0,0,0,0,0,0,12851,3970,16821
5/12/2016,0,0,0,1,0,0,0,0,0,0,13388,4531,17919
5/13/2016,0,0,0,0,1,0,0,0,0.25,0,12296,4997,17293
5/14/2016,0,0,0,0,0,1,0,0,0,0,12076,3925,16001
5/15/2016,0,0,0,0,0,0,1,0,0,0,10998,2997,13995
5/16/2016,1,0,0,0,0,0,0,0,0,0,12674,3541,16215
5/17/2016,0,1,0,0,0,0,0,0,0,0,12722,4109,16831
5/18/2016,0,0,1,0,0,0,0,0,0,0,11742,4158,15900
5/19/2016,0,0,0,1,0,0,0,0,0,0,12890,4318,17208
5/20/2016,0,0,0,0,1,0,0,0,0,0,13201,4477,17678
5/21/2016,0,0,0,0,0,1,0,0,0.04,0,12112,3948,16060
5/22/2016,0,0,0,0,0,0,1,0,0.09,0,9723,2666,12389
5/23/2016,1,0,0,0,0,0,0,0,0.02,0,11543,3372,14915
5/24/2016,0,1,0,0,0,0,0,0,0.18,0,12763,4018,16781
5/25/2016,0,0,1,0,0,0,0,0,0,0,13118,4115,17233
5/26/2016,0,0,0,1,0,0,0,0,0,0,13184,4358,17542
5/27/2016,0,0,0,0,1,0,0,0,0,0,12012,3936,15948
5/28/2016,0,0,0,0,0,1,0,0,0,0,9091,3093,12184
5/29/2016,0,0,0,0,0,0,1,0,0,0,8021,2410,10431
5/30/2016,1,0,0,0,0,0,0,0,1.65,1,7479,2342,9821
5/31/2016,0,1,0,0,0,0,0,0,0,0,11527,3362,14889
6/1/2016,0,0,1,0,0,0,0,0,0,0,12364,3775,16139
6/2/2016,0,0,0,1,0,0,0,0,0,0,13595,4425,18020
6/3/2016,0,0,0,0,1,0,0,0,0.04,0,13884,5024,18908
6/4/2016,0,0,0,0,0,1,0,0,0.4,0,11691,4198,15889
6/5/2016,0,0,0,0,0,0,1,0,0.91,0,9583,3276,12859
6/6/2016,1,0,0,0,0,0,0,0,0,0,11559,3604,15163
6/7/2016,0,1,0,0,0,0,0,0,0,0,12558,4400,16958
6/8/2016,0,0,1,0,0,0,0,0,0.45,0,12377,4926,17303
6/9/2016,0,0,0,1,0,0,0,0,0,0,13639,4769,18408
6/10/2016,0,0,0,0,1,0,0,0,0,0,13245,4855,18100
6/11/2016,0,0,0,0,0,1,0,0,0,0,11522,4286,15808
6/12/2016,0,0,0,0,0,0,1,0,0,0,9262,3156,12418
6/13/2016,1,0,0,0,0,0,0,0,0,0,11380,3361,14741
6/14/2016,0,1,0,0,0,0,0,0,0,0,12200,4008,16208
6/15/2016,0,0,1,0,0,0,0,0,0,0,13126,4341,17467
6/16/2016,0,0,0,1,0,0,0,0,0.22,0,13877,4969,18846
6/17/2016,0,0,0,0,1,0,0,0,0,0,13305,4603,17908
6/18/2016,0,0,0,0,0,1,0,0,0,0,10826,3692,14518
6/19/2016,0,0,0,0,0,0,1,0,0,0,9577,2731,12308
6/20/2016,1,0,0,0,0,0,0,0,0,0,11345,3338,14683
6/21/2016,0,1,0,0,0,0,0,0,0,0,12945,4089,17034
6/22/2016,0,0,1,0,0,0,0,0,0,0,12913,4478,17391
6/23/2016,0,0,0,1,0,0,0,0,0,0,13766,4778,18544
6/24/2016,0,0,0,0,1,0,0,0,0,0,12945,4846,17791
6/25/2016,0,0,0,0,0,1,0,0,0,0,11013,4194,15207
6/26/2016,0,0,0,0,0,0,1,0,0,0,9353,3010,12363
6/27/2016,1,0,0,0,0,0,0,0,0.45,0,12137,3836,15973
6/28/2016,0,1,0,0,0,0,0,0,0.12,0,12145,4269,16414
6/29/2016,0,0,1,0,0,0,0,0,0.01,0,12798,4310,17108
6/30/2016,0,0,0,1,0,0,0,0,0,0,12385,4256,16641
7/1/2016,0,0,0,0,1,0,0,0,0.83,0,10618,4183,14801
7/2/2016,0,0,0,0,0,1,0,0,0,0,6955,2698,9653
7/3/2016,0,0,0,0,0,0,1,0,0,0,5938,2240,8178
7/4/2016,1,0,0,0,0,0,0,0,0.49,1,7557,2605,10162
7/5/2016,0,1,0,0,0,0,0,0,0.66,0,10330,3471,13801
7/6/2016,0,0,1,0,0,0,0,0,0,0,11122,4039,15161
7/7/2016,0,0,0,1,0,0,0,0,0.04,0,13352,4908,18260
7/8/2016,0,0,0,0,1,0,0,0,0.08,0,12264,4963,17227
7/9/2016,0,0,0,0,0,1,0,0,0.53,0,9919,4124,14043
7/10/2016,0,0,0,0,0,0,1,0,0,0,8679,2952,11631
7/11/2016,1,0,0,0,0,0,0,0,0,0,10636,3761,14397
7/12/2016,0,1,0,0,0,0,0,0,0,0,12397,4239,16636
7/13/2016,0,0,1,0,0,0,0,0,0,0,13478,5247,18725
7/14/2016,0,0,0,1,0,0,0,0,0.62,0,13508,5292,18800
7/15/2016,0,0,0,0,1,0,0,0,0,0,13194,5544,18738
7/16/2016,0,0,0,0,0,1,0,0,0,0,10524,4319,14843
7/17/2016,0,0,0,0,0,0,1,0,0,0,9442,3220,12662
7/18/2016,1,0,0,0,0,0,0,0,0.35,0,11604,4379,15983
7/19/2016,0,1,0,0,0,0,0,0,0,0,12156,4435,16591
7/20/2016,0,0,1,0,0,0,0,0,0,0,12880,4785,17665
7/21/2016,0,0,0,1,0,0,0,0,0,0,12762,5274,18036
7/22/2016,0,0,0,0,1,0,0,0,0,0,12960,5486,18446
7/23/2016,0,0,0,0,0,1,0,0,0,0,10554,4553,15107
7/24/2016,0,0,0,0,0,0,1,0,0,0,9974,3702,13676
7/25/2016,1,0,0,0,0,0,0,0,1,0,11377,4970,16347
7/26/2016,0,1,0,0,0,0,0,0,0,0,12594,4661,17255
7/27/2016,0,0,1,0,0,0,0,0,0,0,12998,5024,18022
7/28/2016,0,0,0,1,0,0,0,0,0,0,13502,5458,18960
7/29/2016,0,0,0,0,1,0,0,0,1.09,0,12974,5614,18588
7/30/2016,0,0,0,0,0,1,0,0,0.25,0,10268,4784,15052
7/31/2016,0,0,0,0,0,0,1,0,1.08,0,8591,3508,12099
8/1/2016,1,0,0,0,0,0,0,0,0,0,10834,3978,14812
8/2/2016,0,1,0,0,0,0,0,0,0,0,11794,4305,16099
8/3/2016,0,0,1,0,0,0,0,0,0,0,12061,4369,16430
8/4/2016,0,0,0,1,0,0,0,0,0,0,13046,4830,17876
8/5/2016,0,0,0,0,1,0,0,0,0,0,12291,4991,17282
8/6/2016,0,0,0,0,0,1,0,0,0.05,0,9378,4057,13435
8/7/2016,0,0,0,0,0,0,1,0,0,0,8723,3317,12040
8/8/2016,1,0,0,0,0,0,0,0,0,0,10394,3747,14141
8/9/2016,0,1,0,0,0,0,0,0,0,0,11988,4135,16123
8/10/2016,0,0,1,0,0,0,0,0,0.09,0,12722,5012,17734
8/11/2016,0,0,0,1,0,0,0,0,0.15,0,13612,5534,19146
8/12/2016,0,0,0,0,1,0,0,0,0.32,0,12838,5567,18405
8/13/2016,0,0,0,0,0,1,0,0,0,0,9417,4466,13883
8/14/2016,0,0,0,0,0,0,1,0,0.06,0,8620,3798,12418
8/15/2016,1,0,0,0,0,0,0,0,0,0,11075,4090,15165
8/16/2016,0,1,0,0,0,0,0,0,0.11,0,12225,5072,17297
8/17/2016,0,0,1,0,0,0,0,0,0.01,0,12395,4801,17196
8/18/2016,0,0,0,1,0,0,0,0,0.03,0,12797,4930,17727
8/19/2016,0,0,0,0,1,0,0,0,0.01,0,11797,5084,16881
8/20/2016,0,0,0,0,0,1,0,0,0.82,0,8683,4112,12795
8/21/2016,0,0,0,0,0,0,1,0,0.31,0,8573,3530,12103
8/22/2016,1,0,0,0,0,0,0,0,0,0,10167,3736,13903
8/23/2016,0,1,0,0,0,0,0,0,0,0,10896,4235,15131
8/24/2016,0,0,1,0,0,0,0,0,0,0,11689,4564,16253
8/25/2016,0,0,0,1,0,0,0,0,0.01,0,12243,4991,17234
8/26/2016,0,0,0,0,1,0,0,0,0,0,11377,5007,16384
8/27/2016,0,0,0,0,0,1,0,0,0,0,8881,4138,13019
8/28/2016,0,0,0,0,0,0,1,0,0,0,8753,3579,12332
8/29/2016,1,0,0,0,0,0,0,0,0,0,10178,4041,14219
8/30/2016,0,1,0,0,0,0,0,0,0,0,11135,4239,15374
8/31/2016,0,0,1,0,0,0,0,0,0,0,11783,4690,16473
9/1/2016,0,0,0,1,0,0,0,0,0.5,0,12215,5108,17323
9/2/2016,0,0,0,0,1,0,0,0,0,0,10316,4514,14830
9/3/2016,0,0,0,0,0,1,0,0,0,0,7632,3581,11213
9/4/2016,0,0,0,0,0,0,1,0,0,0,6972,3419,10391
9/5/2016,1,0,0,0,0,0,0,0,0,1,6859,2943,9802
9/6/2016,0,1,0,0,0,0,0,0,0,0,11154,4091,15245
9/7/2016,0,0,1,0,0,0,0,0,0,0,12340,4613,16953
9/8/2016,0,0,0,1,0,0,0,0,0,0,12902,5544,18446
9/9/2016,0,0,0,0,1,0,0,0,0.22,0,12714,6238,18952
9/10/2016,0,0,0,0,0,1,0,0,0,0,11503,5403,16906
9/11/2016,0,0,0,0,0,0,1,0,0,0,9527,3976,13503
9/12/2016,1,0,0,0,0,0,0,0,0,0,10250,4287,14537
9/13/2016,0,1,0,0,0,0,0,0,0,0,11650,4668,16318
9/14/2016,0,0,1,0,0,0,0,0,0.56,0,11649,5128,16777
9/15/2016,0,0,0,1,0,0,0,0,0,0,12517,5403,17920
9/16/2016,0,0,0,0,1,0,0,0,0,0,12114,5737,17851
9/17/2016,0,0,0,0,0,1,0,0,0,0,10476,5031,15507
9/18/2016,0,0,0,0,0,0,1,0,0,0,9683,4069,13752
9/19/2016,1,0,0,0,0,0,0,0,0.68,0,8686,3523,12209
9/20/2016,0,1,0,0,0,0,0,0,0,0,9662,3819,13481
9/21/2016,0,0,1,0,0,0,0,0,0,0,9867,4080,13947
9/22/2016,0,0,0,1,0,0,0,0,0,0,11556,4885,16441
9/23/2016,0,0,0,0,1,0,0,0,0.01,0,11396,5482,16878
9/24/2016,0,0,0,0,0,1,0,0,0.2,0,10761,4955,15716
9/25/2016,0,0,0,0,0,0,1,0,0,0,9381,3714,13095
9/26/2016,1,0,0,0,0,0,0,0,0,0,10601,4017,14618
9/27/2016,0,1,0,0,0,0,0,0,0.22,0,11700,4582,16282
9/28/2016,0,0,1,0,0,0,0,0,0,0,12409,5087,17496
9/29/2016,0,0,0,1,0,0,0,0,0,0,12580,5599,18179
9/30/2016,0,0,0,0,1,0,0,0,0.4,0,11316,6300,17616
10/1/2016,0,0,0,0,0,1,0,0,0,0,10257,4885,15142
10/2/2016,0,0,0,0,0,0,1,0,0,0,8566,3559,12125
10/3/2016,1,0,0,0,0,0,0,0,0,0,9038,3482,12520
10/4/2016,0,1,0,0,0,0,0,0,0,0,10584,3967,14551
10/5/2016,0,0,1,0,0,0,0,0,0,0,11953,4704,16657
10/6/2016,0,0,0,1,0,0,0,0,0,0,12581,5260,17841
10/7/2016,0,0,0,0,1,0,0,0,0,0,12036,5423,17459
10/8/2016,0,0,0,0,0,1,0,0,0.23,0,10382,5689,16071
10/9/2016,0,0,0,0,0,0,1,0,0.55,0,8655,4351,13006
10/10/2016,1,0,0,0,0,0,0,0,0,0,9292,3791,13083
10/11/2016,0,1,0,0,0,0,0,0,0,0,10662,4195,14857
10/12/2016,0,0,1,0,0,0,0,0,0,0,10399,3712,14111
10/13/2016,0,0,0,1,0,0,0,0,0,0,12657,5251,17908
10/14/2016,0,0,0,0,1,0,0,0,0,0,12273,5735,18008
10/15/2016,0,0,0,0,0,1,0,0,0,0,10357,5136,15493
10/16/2016,0,0,0,0,0,0,1,0,0,0,8658,3884,12542
10/17/2016,1,0,0,0,0,0,0,0,0,0,10506,3890,14396
10/18/2016,0,1,0,0,0,0,0,0,0,0,11367,4433,15800
10/19/2016,0,0,1,0,0,0,0,0,0,0,11954,4754,16708
10/20/2016,0,0,0,1,0,0,0,0,0,0,12244,5212,17456
10/21/2016,0,0,0,0,1,0,0,0,1.11,0,12141,6242,18383
10/22/2016,0,0,0,0,0,1,0,0,0.29,0,10941,5473,16414
10/23/2016,0,0,0,0,0,0,1,0,0,0,9317,3809,13126
10/24/2016,1,0,0,0,0,0,0,0,0,0,10516,4156,14672
10/25/2016,0,1,0,0,0,0,0,0,0,0,11928,4564,16492
10/26/2016,0,0,1,0,0,0,0,0,0,0,12065,4993,17058
10/27/2016,0,0,0,1,0,0,0,0,1.41,0,11839,6773,18612
10/28/2016,0,0,0,0,1,0,0,0,0,0,12237,6035,18272
10/29/2016,0,0,0,0,0,1,0,0,0,0,11095,5713,16808
10/30/2016,0,0,0,0,0,0,1,0,0.56,0,10205,4793,14998
10/31/2016,1,0,0,0,0,0,0,0,0,0,9684,3882,13566
11/1/2016,0,1,0,0,0,0,0,0,0,0,11801,4486,16287
11/2/2016,0,0,1,0,0,0,0,0,0,0,11615,4768,16383
11/3/2016,0,0,0,1,0,0,0,0,0,0,12768,5745,18513
11/4/2016,0,0,0,0,1,0,0,0,0,0,12197,5446,17643
11/5/2016,0,0,0,0,0,1,0,0,0,0,10820,5123,15943
11/6/2016,0,0,0,0,0,0,1,0,0,0,9547,3674,13221
11/7/2016,1,0,0,0,0,0,0,0,0,0,10240,4200,14440
11/8/2016,0,1,0,0,0,0,0,0,0,0,10198,4202,14400
11/9/2016,0,0,1,0,0,0,0,0,0.06,0,11560,4990,16550
11/10/2016,0,0,0,1,0,0,0,0,0,0,12165,5259,17424
11/11/2016,0,0,0,0,1,0,0,0,0,1,10747,5449,16196
11/12/2016,0,0,0,0,0,1,0,0,0,0,10539,5575,16114
11/13/2016,0,0,0,0,0,0,1,0,0,0,8885,3994,12879
11/14/2016,1,0,0,0,0,0,0,0,0,0,10256,3941,14197
11/15/2016,0,1,0,0,0,0,0,0,1.81,0,11725,5267,16992
11/16/2016,0,0,1,0,0,0,0,0,0,0,11078,4623,15701
11/17/2016,0,0,0,1,0,0,0,0,0,0,11477,5047,16524
11/18/2016,0,0,0,0,1,0,0,0,0,0,11578,5198,16776
11/19/2016,0,0,0,0,0,1,0,0,0.25,0,10976,5199,16175
11/20/2016,0,0,0,0,0,0,1,0,0.31,0,8679,4191,12870
11/21/2016,1,0,0,0,0,0,0,0,0,0,10479,4658,15137
11/22/2016,0,1,0,0,0,0,0,0,0,0,11112,5089,16201
11/23/2016,0,0,1,0,0,0,0,0,0,0,9897,4626,14523
11/24/2016,0,0,0,1,0,0,0,0,0.03,1,6108,2611,8719
11/25/2016,0,0,0,0,1,0,0,0,0.02,0,6804,3044,9848
11/26/2016,0,0,0,0,0,1,0,0,0,0,8303,3938,12241
11/27/2016,0,0,0,0,0,0,1,0,0,0,7155,3148,10303
11/28/2016,1,0,0,0,0,0,0,0,0,0,9582,4016,13598
11/29/2016,0,1,0,0,0,0,0,0,2.2,0,10852,5977,16829
11/30/2016,0,0,1,0,0,0,0,0,0.73,0,11193,5721,16914
12/1/2016,0,0,0,1,0,0,0,0,0.07,0,12166,5766,17932
12/2/2016,0,0,0,0,1,0,0,0,0,0,12564,6352,18916
12/3/2016,0,0,0,0,0,1,0,0,0,0,11239,6152,17391
12/4/2016,0,0,0,0,0,0,1,0,0,0,9214,4573,13787
12/5/2016,1,0,0,0,0,0,0,0,0.19,0,10751,4650,15401
12/6/2016,0,1,0,0,0,0,0,0,0.35,0,11305,5923,17228
12/7/2016,0,0,1,0,0,0,0,0,0.09,0,12129,5682,17811
12/8/2016,0,0,0,1,0,0,0,0,0,0,12495,6278,18773
12/9/2016,0,0,0,0,1,0,0,0,0,0,12493,6925,19418
12/10/2016,0,0,0,0,0,1,0,0,0,0,12645,7579,20224
12/11/2016,0,0,0,0,0,0,1,0.4,0.03,0,8916,4928,13844
12/12/2016,1,0,0,0,0,0,0,0,0.5,0,10780,4750,15530
12/13/2016,0,1,0,0,0,0,0,0,0,0,11971,5170,17141
12/14/2016,0,0,1,0,0,0,0,0,0,0,12472,5856,18328
12/15/2016,0,0,0,1,0,0,0,0,0,0,12921,6931,19852
12/16/2016,0,0,0,0,1,0,0,0,0,0,13119,7197,20316
12/17/2016,0,0,0,0,0,1,0,2.8,0.73,0,11296,6362,17658
12/18/2016,0,0,0,0,0,0,1,0,0.04,0,9366,4424,13790
12/19/2016,1,0,0,0,0,0,0,0,0,0,11118,4801,15919
12/20/2016,0,1,0,0,0,0,0,0,0,0,11864,5000,16864
12/21/2016,0,0,1,0,0,0,0,0,0,0,11798,5055,16853
12/22/2016,0,0,0,1,0,0,0,0,0,0,11546,4884,16430
12/23/2016,0,0,0,0,1,0,0,0,0,0,9641,4048,13689
12/24/2016,0,0,0,0,0,1,0,0,0.47,0,6268,2890,9158
12/25/2016,0,0,0,0,0,0,1,0,0,0,4108,1770,5878
12/26/2016,1,0,0,0,0,0,0,0,0.02,1,5291,2221,7512
12/27/2016,0,1,0,0,0,0,0,0,0,0,7721,3208,10929
12/28/2016,0,0,1,0,0,0,0,0,0,0,8558,3633,12191
12/29/2016,0,0,0,1,0,0,0,0,0.39,0,9268,4377,13645
12/30/2016,0,0,0,0,1,0,0,0,0.01,0,9098,4386,13484
12/31/2016,0,0,0,0,0,1,0,0,0,0,7909,4987,12896
1/1/2017,0,0,0,0,0,0,1,0,0,0,8499,4174,12673
1/2/2017,1,0,0,0,0,0,0,0,0.21,1,6020,3103,9123
1/3/2017,0,1,0,0,0,0,0,0,0.58,0,8804,4372,13176
1/4/2017,0,0,1,0,0,0,0,0,0,0,9392,4008,13400
1/5/2017,0,0,0,1,0,0,0,0,0,0,10881,4954,15835
1/6/2017,0,0,0,0,1,0,0,1.2,0.05,0,11178,5687,16865
1/7/2017,0,0,0,0,0,1,0,5.1,0.32,0,8016,5670,13686
1/8/2017,0,0,0,0,0,0,1,0,0,0,7260,4348,11608
1/9/2017,1,0,0,0,0,0,0,0,0,0,9963,4920,14883
1/10/2017,0,1,0,0,0,0,0,0,0,0,10351,4912,15263
1/11/2017,0,0,1,0,0,0,0,0,0.52,0,10844,5205,16049
1/12/2017,0,0,0,1,0,0,0,0,0.05,0,11723,5363,17086
1/13/2017,0,0,0,0,1,0,0,0,0,0,11216,5884,17100
1/14/2017,0,0,0,0,0,1,0,0.6,0.12,0,9515,6304,15819
1/15/2017,0,0,0,0,0,0,1,0,0,0,7972,4736,12708
1/16/2017,1,0,0,0,0,0,0,0,0,1,7576,4049,11625
1/17/2017,0,1,0,0,0,0,0,0,0.35,0,10860,5745,16605
1/18/2017,0,0,1,0,0,0,0,0,0.06,0,11419,5395,16814
1/19/2017,0,0,0,1,0,0,0,0,0,0,11557,5712,17269
1/20/2017,0,0,0,0,1,0,0,0,0.1,0,11621,6366,17987
1/21/2017,0,0,0,0,0,1,0,0,0,0,8895,5356,14251
1/22/2017,0,0,0,0,0,0,1,0,0.05,0,7390,4314,11704
1/23/2017,1,0,0,0,0,0,0,0,1.16,0,9562,5624,15186
1/24/2017,0,1,0,0,0,0,0,0,1.18,0,11005,6160,17165
1/25/2017,0,0,1,0,0,0,0,0,0,0,11367,5435,16802
1/26/2017,0,0,0,1,0,0,0,0,0.02,0,12324,6077,18401
1/27/2017,0,0,0,0,1,0,0,0,0,0,12344,6258,18602
1/28/2017,0,0,0,0,0,1,0,0,0,0,10035,6198,16233
1/29/2017,0,0,0,0,0,0,1,0,0,0,7550,4252,11802
1/30/2017,1,0,0,0,0,0,0,0,0,0,9923,4635,14558
1/31/2017,0,1,0,0,0,0,0,1,0.06,0,11182,5325,16507
2/1/2017,0,0,1,0,0,0,0,0,0,0,11628,5276,16904
2/2/2017,0,0,0,1,0,0,0,0,0,0,12601,5936,18537
2/3/2017,0,0,0,0,1,0,0,0,0,0,12569,6676,19245
2/4/2017,0,0,0,0,0,1,0,0,0,0,9747,6164,15911
2/5/2017,0,0,0,0,0,0,1,0,0,0,8172,5351,13523
2/6/2017,1,0,0,0,0,0,0,0,0,0,9701,4723,14424
2/7/2017,0,1,0,0,0,0,0,0,0.27,0,11452,5785,17237
2/8/2017,0,0,1,0,0,0,0,0,0.03,0,11619,5453,17072
2/9/2017,0,0,0,1,0,0,0,9.4,1.16,0,6702,4408,11110
2/10/2017,0,0,0,0,1,0,0,0,0,0,11715,6569,18284
2/11/2017,0,0,0,0,0,1,0,0,0,0,9822,6548,16370
2/12/2017,0,0,0,0,0,0,1,0,0.46,0,8177,5287,13464
2/13/2017,1,0,0,0,0,0,0,0,0.02,0,10456,5123,15579
2/14/2017,0,1,0,0,0,0,0,0,0,0,11546,5902,17448
2/15/2017,0,0,1,0,0,0,0,0,0,0,11868,5849,17717
2/16/2017,0,0,0,1,0,0,0,0,0,0,13038,5830,18868
2/17/2017,0,0,0,0,1,0,0,0,0,0,12080,6315,18395
2/18/2017,0,0,0,0,0,1,0,0,0,0,9265,5681,14946
2/19/2017,0,0,0,0,0,0,1,0,0,0,7899,4672,12571
2/20/2017,1,0,0,0,0,0,0,0,0,0,7318,4007,11325
2/21/2017,0,1,0,0,0,0,0,0,0,0,10295,4925,15220
2/22/2017,0,0,1,0,0,0,0,0,0,0,11204,5219,16423
2/23/2017,0,0,0,1,0,0,0,0,0,0,11820,5794,17614
2/24/2017,0,0,0,0,1,0,0,0,0,0,12211,6078,18289
2/25/2017,0,0,0,0,0,1,0,0,0.54,0,9890,6247,16137
2/26/2017,0,0,0,0,0,0,1,0,0,0,7775,4560,12335
2/27/2017,1,0,0,0,0,0,0,0,0,0,10028,4752,14780
2/28/2017,0,1,0,0,0,0,0,0,0,0,11443,5018,16461
3/1/2017,0,0,1,0,0,0,0,0,0.12,0,11787,5604,17391
3/2/2017,0,0,0,1,0,0,0,0,0,0,12623,6238,18861
3/3/2017,0,0,0,0,1,0,0,0,0,0,12837,6806,19643
3/4/2017,0,0,0,0,0,1,0,0,0,0,10599,6970,17569
3/5/2017,0,0,0,0,0,0,1,0,0,0,8273,5065,13338
3/6/2017,1,0,0,0,0,0,0,0,0,0,10437,4970,15407
3/7/2017,0,1,0,0,0,0,0,0,0.1,0,11918,5607,17525
3/8/2017,0,0,1,0,0,0,0,0,0.02,0,12496,5686,18182
3/9/2017,0,0,0,1,0,0,0,0,0,0,12791,6009,18800
3/10/2017,0,0,0,0,1,0,0,2.1,0.31,0,12856,7441,20297
3/11/2017,0,0,0,0,0,1,0,0,0,0,10740,6937,17677
3/12/2017,0,0,0,0,0,0,1,0,0,0,8434,5033,13467
3/13/2017,1,0,0,0,0,0,0,0,0,0,11566,5356,16922
3/14/2017,0,1,0,0,0,0,0,7.6,1.97,0,3037,2445,5482
3/15/2017,0,0,1,0,0,0,0,0,0,0,9312,4837,14149
3/16/2017,0,0,0,1,0,0,0,0,0,0,10210,5347,15557
3/17/2017,0,0,0,0,1,0,0,0,0,0,10663,5492,16155
3/18/2017,0,0,0,0,0,1,0,0,0.08,0,10857,6460,17317
3/19/2017,0,0,0,0,0,0,1,0,0,0,7887,4257,12144
3/20/2017,1,0,0,0,0,0,0,0,0,0,9912,4372,14284
3/21/2017,0,1,0,0,0,0,0,0,0,0,11201,4728,15929
3/22/2017,0,0,1,0,0,0,0,0,0,0,12227,5634,17861
3/23/2017,0,0,0,1,0,0,0,0,0,0,12944,6168,19112
3/24/2017,0,0,0,0,1,0,0,0,0,0,12218,6114,18332
3/25/2017,0,0,0,0,0,1,0,0,0.01,0,10027,6145,16172
3/26/2017,0,0,0,0,0,0,1,0,0.14,0,8215,4693,12908
3/27/2017,1,0,0,0,0,0,0,0,0.26,0,10116,4649,14765
3/28/2017,0,1,0,0,0,0,0,0,0.72,0,12211,5893,18104
3/29/2017,0,0,1,0,0,0,0,0,0,0,11689,5144,16833
3/30/2017,0,0,0,1,0,0,0,0,0.01,0,12545,5934,18479
3/31/2017,0,0,0,0,1,0,0,0,1.51,0,12746,8267,21013
4/1/2017,0,0,0,0,0,1,0,0,0,0,9978,5252,15230
4/2/2017,0,0,0,0,0,0,1,0,0,0,7871,2668,10539
4/3/2017,1,0,0,0,0,0,0,0,0.03,0,10062,4434,14496
4/4/2017,0,1,0,0,0,0,0,0,1.18,0,11754,5435,17189
4/5/2017,0,0,1,0,0,0,0,0,0,0,12318,5312,17630
4/6/2017,0,0,0,1,0,0,0,0,0.73,0,12724,6725,19449
4/7/2017,0,0,0,0,1,0,0,0,0,0,12433,6354,18787
4/8/2017,0,0,0,0,0,1,0,0,0,0,9889,5696,15585
4/9/2017,0,0,0,0,0,0,1,0,0,0,7933,4261,12194
4/10/2017,1,0,0,0,0,0,0,0,0,0,9121,4014,13135
4/11/2017,0,1,0,0,0,0,0,0,0,0,10578,4502,15080
4/12/2017,0,0,1,0,0,0,0,0,0.02,0,11157,5088,16245
4/13/2017,0,0,0,1,0,0,0,0,0,0,11662,5454,17116
4/14/2017,0,0,0,0,1,0,0,0,0,0,11091,5587,16678
4/15/2017,0,0,0,0,0,1,0,0,0,0,8377,4723,13100
4/16/2017,0,0,0,0,0,0,1,0,0,0,7558,3612,11170
4/17/2017,1,0,0,0,0,0,0,0,0,0,9207,4216,13423
4/18/2017,0,1,0,0,0,0,0,0,0,0,11141,4736,15877
4/19/2017,0,0,1,0,0,0,0,0,0,0,11736,5513,17249
4/20/2017,0,0,0,1,0,0,0,0,0.17,0,12488,5781,18269
4/21/2017,0,0,0,0,1,0,0,0,0.29,0,12190,6406,18596
4/22/2017,0,0,0,0,0,1,0,0,0.11,0,9452,5707,15159
4/23/2017,0,0,0,0,0,0,1,0,0,0,8108,4357,12465
4/24/2017,1,0,0,0,0,0,0,0,0,0,10510,4637,15147
4/25/2017,0,1,0,0,0,0,0,0,0.91,0,11669,6416,18085
4/26/2017,0,0,1,0,0,0,0,0,0.34,0,12087,5715,17802
4/27/2017,0,0,0,1,0,0,0,0,0,0,12108,5883,17991
4/28/2017,0,0,0,0,1,0,0,0,0,0,11814,6019,17833
4/29/2017,0,0,0,0,0,1,0,0,0.06,0,10449,5917,16366
4/30/2017,0,0,0,0,0,0,1,0,0,0,8110,4321,12431
5/1/2017,1,0,0,0,0,0,0,0,0,0,9965,4469,14434
5/2/2017,0,1,0,0,0,0,0,0,0,0,11078,5029,16107
5/3/2017,0,0,1,0,0,0,0,0,0,0,11355,5353,16708
5/4/2017,0,0,0,1,0,0,0,0,0,0,12652,5888,18540
5/5/2017,0,0,0,0,1,0,0,0,3.02,0,12206,7952,20158
5/6/2017,0,0,0,0,0,1,0,0,0.18,0,10303,6232,16535
5/7/2017,0,0,0,0,0,0,1,0,0.01,0,8137,4475,12612
5/8/2017,1,0,0,0,0,0,0,0,0,0,9723,4371,14094
5/9/2017,0,1,0,0,0,0,0,0,0,0,11078,4993,16071
5/10/2017,0,0,1,0,0,0,0,0,0,0,11568,5427,16995
5/11/2017,0,0,0,1,0,0,0,0,0,0,11672,5525,17197
5/12/2017,0,0,0,0,1,0,0,0,0,0,11330,5677,17007
5/13/2017,0,0,0,0,0,1,0,0,1.61,0,9360,6866,16226
5/14/2017,0,0,0,0,0,0,1,0,0.02,0,7187,3690,10877
5/15/2017,1,0,0,0,0,0,0,0,0,0,9759,4231,13990
5/16/2017,0,1,0,0,0,0,0,0,0,0,11200,5096,16296
5/17/2017,0,0,1,0,0,0,0,0,0,0,11649,5657,17306
5/18/2017,0,0,0,1,0,0,0,0,0,0,11425,6400,17825
5/19/2017,0,0,0,0,1,0,0,0,0,0,11722,6408,18130
5/20/2017,0,0,0,0,0,1,0,0,0.01,0,9939,5656,15595
5/21/2017,0,0,0,0,0,0,1,0,0,0,8174,4072,12246
5/22/2017,1,0,0,0,0,0,0,0,0.59,0,10273,5527,15800
5/23/2017,0,1,0,0,0,0,0,0,0,0,11112,5025,16137
5/24/2017,0,0,1,0,0,0,0,0,0.04,0,11449,5477,16926
5/25/2017,0,0,0,1,0,0,0,0,0.58,0,11714,6783,18497
5/26/2017,0,0,0,0,1,0,0,0,0.1,0,9661,5126,14787
5/27/2017,0,0,0,0,0,1,0,0,0,0,6848,3947,10795
5/28/2017,0,0,0,0,0,0,1,0,0,0,6052,3665,9717
5/29/2017,1,0,0,0,0,0,0,0,0.13,1,5740,3299,9039
5/30/2017,0,1,0,0,0,0,0,0,0.06,0,9725,4647,14372
5/31/2017,0,0,1,0,0,0,0,0,0.03,0,10875,5157,16032
6/1/2017,0,0,0,1,0,0,0,0,0,0,11815,4404,16219
6/2/2017,0,0,0,0,1,0,0,0,0.01,0,11735,5056,16791
6/3/2017,0,0,0,0,0,1,0,0,0.01,0,9907,5029,14936
6/4/2017,0,0,0,0,0,0,1,0,0.09,0,8303,4099,12402
6/5/2017,1,0,0,0,0,0,0,0,0.02,0,9867,4547,14414
6/6/2017,0,1,0,0,0,0,0,0,0.06,0,11514,5413,16927
6/7/2017,0,0,1,0,0,0,0,0,0,0,11579,5295,16874
6/8/2017,0,0,0,1,0,0,0,0,0,0,12128,5971,18099
6/9/2017,0,0,0,0,1,0,0,0,0,0,11352,5918,17270
6/10/2017,0,0,0,0,0,1,0,0,0,0,9272,5525,14797
6/11/2017,0,0,0,0,0,0,1,0,0,0,7376,4198,11574
6/12/2017,1,0,0,0,0,0,0,0,0,0,10438,4772,15210
6/13/2017,0,1,0,0,0,0,0,0,0,0,11485,5558,17043
6/14/2017,0,0,1,0,0,0,0,0,0.29,0,12198,5786,17984
6/15/2017,0,0,0,1,0,0,0,0,0,0,12519,5856,18375
6/16/2017,0,0,0,0,1,0,0,0,0,0,11547,6060,17607
6/17/2017,0,0,0,0,0,1,0,0,1.39,0,8555,5461,14016
6/18/2017,0,0,0,0,0,0,1,0,0,0,7341,3769,11110
6/19/2017,1,0,0,0,0,0,0,0,1.35,0,10242,5353,15595
6/20/2017,0,1,0,0,0,0,0,0,0.03,0,10893,4959,15852
6/21/2017,0,0,1,0,0,0,0,0,0,0,11585,5424,17009
6/22/2017,0,0,0,1,0,0,0,0,0,0,11832,5476,17308
6/23/2017,0,0,0,0,1,0,0,0,0.04,0,11510,6319,17829
6/24/2017,0,0,0,0,0,1,0,0,1.29,0,9171,5919,15090
6/25/2017,0,0,0,0,0,0,1,0,0,0,7323,3952,11275
6/26/2017,1,0,0,0,0,0,0,0,0,0,10074,4338,14412
6/27/2017,0,1,0,0,0,0,0,0,0.18,0,10905,5103,16008
6/28/2017,0,0,1,0,0,0,0,0,0,0,11392,5250,16642
6/29/2017,0,0,0,1,0,0,0,0,0,0,11277,5520,16797
6/30/2017,0,0,0,0,1,0,0,0,0,0,10214,5488,15702
7/1/2017,0,0,0,0,0,1,0,0,0.23,0,6329,4152,10481
7/2/2017,0,0,0,0,0,0,1,0,0,0,5078,3212,8290
7/3/2017,1,0,0,0,0,0,0,0,0.45,0,5971,3295,9266
7/4/2017,0,1,0,0,0,0,0,0,0,1,6121,3223,9344
7/5/2017,0,0,1,0,0,0,0,0,0,0,8899,4105,13004
7/6/2017,0,0,0,1,0,0,0,0,0,0,10241,4667,14908
7/7/2017,0,0,0,0,1,0,0,0,1.78,0,10478,6361,16839
7/8/2017,0,0,0,0,0,1,0,0,0,0,7706,5191,12897
7/9/2017,0,0,0,0,0,0,1,0,0,0,7008,4081,11089
7/10/2017,1,0,0,0,0,0,0,0,0,0,9590,4681,14271
7/11/2017,0,1,0,0,0,0,0,0,0,0,10927,5496,16423
7/12/2017,0,0,1,0,0,0,0,0,0,0,11731,6183,17914
7/13/2017,0,0,0,1,0,0,0,0,0,0,12020,6913,18933
7/14/2017,0,0,0,0,1,0,0,0,0.35,0,10991,6767,17758
7/15/2017,0,0,0,0,0,1,0,0,0,0,8037,5619,13656
7/16/2017,0,0,0,0,0,0,1,0,0,0,7359,4528,11887
7/17/2017,1,0,0,0,0,0,0,0,0,0,10236,4804,15040
7/18/2017,0,1,0,0,0,0,0,0,0,0,11262,5571,16833
7/19/2017,0,0,1,0,0,0,0,0,0,0,12061,6339,18400
7/20/2017,0,0,0,1,0,0,0,0,0.01,0,12189,6714,18903
7/21/2017,0,0,0,0,1,0,0,0,0,0,10918,6739,17657
7/22/2017,0,0,0,0,0,1,0,0,0.57,0,8494,5919,14413
7/23/2017,0,0,0,0,0,0,1,0,0.06,0,7609,5079,12688
7/24/2017,1,0,0,0,0,0,0,0,0.74,0,9794,5406,15200
7/25/2017,0,1,0,0,0,0,0,0,0,0,10517,5334,15851
7/26/2017,0,0,1,0,0,0,0,0,0,0,11099,5726,16825
7/27/2017,0,0,0,1,0,0,0,0,0,0,11605,6347,17952
7/28/2017,0,0,0,0,1,0,0,0,0,0,10959,6557,17516
7/29/2017,0,0,0,0,0,1,0,0,0,0,8490,5923,14413
7/30/2017,0,0,0,0,0,0,1,0,0,0,7528,4643,12171
7/31/2017,1,0,0,0,0,0,0,0,0,0,9645,4942,14587
8/1/2017,0,1,0,0,0,0,0,0,0,0,10589,5240,15829
8/2/2017,0,0,1,0,0,0,0,0,0.09,0,11314,6120,17434
8/3/2017,0,0,0,1,0,0,0,0,0,0,11605,6438,18043
8/4/2017,0,0,0,0,1,0,0,0,0.15,0,10768,6457,17225
8/5/2017,0,0,0,0,0,1,0,0,0.3,0,7489,5243,12732
8/6/2017,0,0,0,0,0,0,1,0,0,0,7281,4284,11565
8/7/2017,1,0,0,0,0,0,0,0,0.76,0,9957,5859,15816
8/8/2017,0,1,0,0,0,0,0,0,0,0,10311,5226,15537
8/9/2017,0,0,1,0,0,0,0,0,0,0,11016,5731,16747
8/10/2017,0,0,0,1,0,0,0,0,0,0,11486,6114,17600
8/11/2017,0,0,0,0,1,0,0,0,0,0,10255,6143,16398
8/12/2017,0,0,0,0,0,1,0,0,0.11,0,7029,4985,12014
8/13/2017,0,0,0,0,0,0,1,0,0,0,6959,4305,11264
8/14/2017,1,0,0,0,0,0,0,0,0,0,8844,4687,13531
8/15/2017,0,1,0,0,0,0,0,0,0.45,0,10068,5651,15719
8/16/2017,0,0,1,0,0,0,0,0,0,0,10789,5841,16630
8/17/2017,0,0,0,1,0,0,0,0,0,0,10918,6103,17021
8/18/2017,0,0,0,0,1,0,0,0,0.88,0,10302,6866,17168
8/19/2017,0,0,0,0,0,1,0,0,0,0,7085,5037,12122
8/20/2017,0,0,0,0,0,0,1,0,0,0,7008,4270,11278
8/21/2017,1,0,0,0,0,0,0,0,0,0,8952,4840,13792
8/22/2017,0,1,0,0,0,0,0,0,0.3,0,10344,5607,15951
8/23/2017,0,0,1,0,0,0,0,0,0,0,10035,5665,15700
8/24/2017,0,0,0,1,0,0,0,0,0,0,10414,6027,16441
8/25/2017,0,0,0,0,1,0,0,0,0,0,9580,5999,15579
8/26/2017,0,0,0,0,0,1,0,0,0,0,7167,5300,12467
8/27/2017,0,0,0,0,0,0,1,0,0,0,6900,4405,11305
8/28/2017,1,0,0,0,0,0,0,0,0,0,8233,4451,12684
8/29/2017,0,1,0,0,0,0,0,0,0.29,0,10430,5790,16220
8/30/2017,0,0,1,0,0,0,0,0,0.01,0,9845,5281,15126
8/31/2017,0,0,0,1,0,0,0,0,0,0,9881,5782,15663
9/1/2017,0,0,0,0,1,0,0,0,0,0,8552,5413,13965
9/2/2017,0,0,0,0,0,1,0,0,0.53,0,6680,5121,11801
9/3/2017,0,0,0,0,0,0,1,0,0.74,0,5560,4230,9790
9/4/2017,1,0,0,0,0,0,0,0,0,1,5972,3542,9514
9/5/2017,0,1,0,0,0,0,0,0,0,0,9740,5107,14847
9/6/2017,0,0,1,0,0,0,0,0,0.42,0,11302,6368,17670
9/7/2017,0,0,0,1,0,0,0,0,0.01,0,11658,6624,18282
9/8/2017,0,0,0,0,1,0,0,0,0,0,11217,7062,18279
9/9/2017,0,0,0,0,0,1,0,0,0,0,8912,6458,15370
9/10/2017,0,0,0,0,0,0,1,0,0,0,7766,5186,12952
9/11/2017,1,0,0,0,0,0,0,0,0,0,9877,5209,15086
9/12/2017,0,1,0,0,0,0,0,0,0,0,10973,5906,16879
9/13/2017,0,0,1,0,0,0,0,0,0.06,0,11256,6232,17488
9/14/2017,0,0,0,1,0,0,0,0,0.02,0,11797,6898,18695
9/15/2017,0,0,0,0,1,0,0,0,0,0,11262,6808,18070
9/16/2017,0,0,0,0,0,1,0,0,0,0,9408,6449,15857
9/17/2017,0,0,0,0,0,0,1,0,0,0,7943,4693,12636
9/18/2017,1,0,0,0,0,0,0,0,0,0,7654,4139,11793
9/19/2017,0,1,0,0,0,0,0,0,0.22,0,8042,4731,12773
9/20/2017,0,0,1,0,0,0,0,0,0,0,8808,4935,13743
9/21/2017,0,0,0,1,0,0,0,0,0,0,8900,4960,13860
9/22/2017,0,0,0,0,1,0,0,0,0,0,9810,5845,15655
9/23/2017,0,0,0,0,0,1,0,0,0,0,9040,6202,15242
9/24/2017,0,0,0,0,0,0,1,0,0,0,7773,4813,12586
9/25/2017,1,0,0,0,0,0,0,0,0,0,9742,4881,14623
9/26/2017,0,1,0,0,0,0,0,0,0,0,9884,5057,14941
9/27/2017,0,0,1,0,0,0,0,0,0,0,11654,6091,17745
9/28/2017,0,0,0,1,0,0,0,0,0,0,11527,6212,17739
9/29/2017,0,0,0,0,1,0,0,0,0,0,10660,6376,17036
9/30/2017,0,0,0,0,0,1,0,0,0,0,8662,5777,14439
10/1/2017,0,0,0,0,0,0,1,0,0,0,6921,4375,11296
10/2/2017,1,0,0,0,0,0,0,0,0,0,9039,4692,13731
10/3/2017,0,1,0,0,0,0,0,0,0,0,10226,5264,15490
10/4/2017,0,0,1,0,0,0,0,0,0,0,10569,5698,16267
10/5/2017,0,0,0,1,0,0,0,0,0,0,11722,6328,18050
10/6/2017,0,0,0,0,1,0,0,0,0,0,11017,6750,17767
10/7/2017,0,0,0,0,0,1,0,0,0,0,9374,6746,16120
10/8/2017,0,0,0,0,0,0,1,0,0.22,0,7458,5414,12872
10/9/2017,1,0,0,0,0,0,0,0,0.26,0,8757,5489,14246
10/10/2017,0,1,0,0,0,0,0,0,0,0,10639,5700,16339
10/11/2017,0,0,1,0,0,0,0,0,0.06,0,11028,5920,16948
10/12/2017,0,0,0,1,0,0,0,0,0.07,0,11921,6678,18599
10/13/2017,0,0,0,0,1,0,0,0,0,0,11173,6895,18068
10/14/2017,0,0,0,0,0,1,0,0,0.08,0,9650,6698,16348
10/15/2017,0,0,0,0,0,0,1,0,0,0,7831,5162,12993
10/16/2017,1,0,0,0,0,0,0,0,0.01,0,10128,5312,15440
10/17/2017,0,1,0,0,0,0,0,0,0,0,10868,5638,16506
10/18/2017,0,0,1,0,0,0,0,0,0,0,10973,5861,16834
10/19/2017,0,0,0,1,0,0,0,0,0,0,11312,6289,17601
10/20/2017,0,0,0,0,1,0,0,0,0,0,10852,6812,17664
10/21/2017,0,0,0,0,0,1,0,0,0,0,9080,6493,15573
10/22/2017,0,0,0,0,0,0,1,0,0,0,7530,4919,12449
10/23/2017,1,0,0,0,0,0,0,0,0,0,9490,5045,14535
10/24/2017,0,1,0,0,0,0,0,0,0.2,0,10933,6185,17118
10/25/2017,0,0,1,0,0,0,0,0,0,0,11260,5935,17195
10/26/2017,0,0,0,1,0,0,0,0,0,0,11682,6817,18499
10/27/2017,0,0,0,0,1,0,0,0,0,0,10966,7308,18274
10/28/2017,0,0,0,0,0,1,0,0,0,0,10272,7868,18140
10/29/2017,0,0,0,0,0,0,1,0,3.03,0,8776,7324,16100
10/30/2017,1,0,0,0,0,0,0,0,0.25,0,9688,5242,14930
10/31/2017,0,1,0,0,0,0,0,0,0,0,9457,5116,14573
11/1/2017,0,0,1,0,0,0,0,0,0,0,11152,5738,16890
11/2/2017,0,0,0,1,0,0,0,0,0,0,11085,6290,17375
11/3/2017,0,0,0,0,1,0,0,0,0,0,10942,6868,17810
11/4/2017,0,0,0,0,0,1,0,0,0,0,9514,7051,16565
11/5/2017,0,0,0,0,0,0,1,0,0.02,0,8093,5193,13286
11/6/2017,1,0,0,0,0,0,0,0,0.01,0,9458,5249,14707
11/7/2017,0,1,0,0,0,0,0,0,0.7,0,10430,6728,17158
11/8/2017,0,0,1,0,0,0,0,0,0,0,11091,6344,17435
11/9/2017,0,0,0,1,0,0,0,0,0,0,11281,6706,17987
11/10/2017,0,0,0,0,1,0,0,0,0.01,0,11267,8079,19346
11/11/2017,0,0,0,0,0,1,0,0,0,0,9002,7147,16149
11/12/2017,0,0,0,0,0,0,1,0,0,0,7629,5548,13177
11/13/2017,1,0,0,0,0,0,0,0,0.07,0,9751,5701,15452
11/14/2017,0,1,0,0,0,0,0,0,0,0,10654,5968,16622
11/15/2017,0,0,1,0,0,0,0,0,0,0,11248,6257,17505
11/16/2017,0,0,0,1,0,0,0,0,0.2,0,11666,6892,18558
11/17/2017,0,0,0,0,1,0,0,0,0,0,11256,7471,18727
11/18/2017,0,0,0,0,0,1,0,0,0.1,0,9896,7907,17803
11/19/2017,0,0,0,0,0,0,1,0,0.23,0,7892,5719,13611
11/20/2017,1,0,0,0,0,0,0,0,0,0,9622,5550,15172
11/21/2017,0,1,0,0,0,0,0,0,0,0,10045,5770,15815
11/22/2017,0,0,1,0,0,0,0,0,0.21,0,9112,5961,15073
11/23/2017,0,0,0,1,0,0,0,0,0,1,5446,3433,8879
11/24/2017,0,0,0,0,1,0,0,0,0,0,5702,3695,9397
11/25/2017,0,0,0,0,0,1,0,0,0,0,6706,4619,11325
11/26/2017,0,0,0,0,0,0,1,0,0,0,6443,4382,10825
11/27/2017,1,0,0,0,0,0,0,0,0,0,8746,4984,13730
11/28/2017,0,1,0,0,0,0,0,0,0,0,10024,5504,15528
11/29/2017,0,0,1,0,0,0,0,0,0,0,10349,5849,16198
11/30/2017,0,0,0,1,0,0,0,0,0.03,0,11687,6803,18490
12/1/2017,0,0,0,0,1,0,0,0,0,0,11391,7291,18682
12/2/2017,0,0,0,0,0,1,0,0,0,0,9587,7220,16807
12/3/2017,0,0,0,0,0,0,1,0,0,0,7904,5561,13465
12/4/2017,1,0,0,0,0,0,0,0,0,0,10177,5742,15919
12/5/2017,0,1,0,0,0,0,0,0,0.75,0,11091,6708,17799
12/6/2017,0,0,1,0,0,0,0,0,0,0,11626,6702,18328
12/7/2017,0,0,0,1,0,0,0,0,0,0,12216,7574,19790
12/8/2017,0,0,0,0,1,0,0,0,0,0,11435,8021,19456
12/9/2017,0,0,0,0,0,1,0,4.6,0.46,0,11379,10337,21716
12/10/2017,0,0,0,0,0,0,1,0,0,0,7752,5930,13682
12/11/2017,1,0,0,0,0,0,0,0,0,0,10045,5923,15968
12/12/2017,0,1,0,0,0,0,0,0,0,0,10671,6601,17272
12/13/2017,0,0,1,0,0,0,0,0,0,0,11844,7405,19249
12/14/2017,0,0,0,1,0,0,0,1.2,0.09,0,11677,7731,19408
12/15/2017,0,0,0,0,1,0,0,1.2,0.11,0,11061,8330,19391
12/16/2017,0,0,0,0,0,1,0,0,0,0,9804,7817,17621
12/17/2017,0,0,0,0,0,0,1,0,0,0,8109,5936,14045
12/18/2017,1,0,0,0,0,0,0,0,0.02,0,9538,5630,15168
12/19/2017,0,1,0,0,0,0,0,0,0,0,10655,6155,16810
12/20/2017,0,0,1,0,0,0,0,0,0,0,11214,6557,17771
12/21/2017,0,0,0,1,0,0,0,0,0,0,11336,6866,18202
12/22/2017,0,0,0,0,1,0,0,0,0,0,9541,6254,15795
12/23/2017,0,0,0,0,0,1,0,0,0.49,0,6743,5083,11826
12/24/2017,0,0,0,0,0,0,1,0,0.01,0,4836,3351,8187
12/25/2017,1,0,0,0,0,0,0,0,0.23,1,3576,2390,5966
12/26/2017,0,1,0,0,0,0,0,0,0,0,6544,4016,10560
12/27/2017,0,0,1,0,0,0,0,0,0,0,7855,5076,12931
12/28/2017,0,0,0,1,0,0,0,0,0,0,8341,6181,14522
12/29/2017,0,0,0,0,1,0,0,0,0,0,8138,6452,14590
12/30/2017,0,0,0,0,0,1,0,0.7,0.05,0,6589,5699,12288
12/31/2017,0,0,0,0,0,0,1,0,0,0,6728,7054,13782
